insert into category(menu_id, items, likes, menu_name) values(1, '티비', 3, '룽');
insert into category(menu_id, items, likes, menu_name) values(2, '티비', 3, '룽');
insert into category(menu_id, items, likes, menu_name) values(3, '티비', 3, '룽');
insert into category(menu_id, items, likes, menu_name) values(4, '티비', 3, '룽');
insert into category(menu_id, items, likes, menu_name) values(5, '티비', 3, '룽');
insert into category(menu_id, items, likes, menu_name) values(6, '티비', 3, '룽');
insert into category(menu_id, items, likes, menu_name) values(7, '티비', 3, '룽');
insert into category(menu_id, items, likes, menu_name) values(8, '티비', 3, '룽');
insert into category(menu_id, items, likes, menu_name) values(9, '티비', 3, '룽');
insert into category(menu_id, items, likes, menu_name) values(10, '티비', 3, '룽');
insert into category(menu_id, items, likes, menu_name) values(11, '티비', 3, '룽');
insert into category(menu_id, items, likes, menu_name) values(12, '티비', 3, '룽');
insert into category(menu_id, items, likes, menu_name) values(13, '티비', 3, '룽');
insert into category(menu_id, items, likes, menu_name) values(14, '티비', 3, '룽');
insert into category(menu_id, items, likes, menu_name) values(15, '티비', 3, '룽');
insert into category(menu_id, items, likes, menu_name) values(16, '티비', 3, '룽');
insert into category(menu_id, items, likes, menu_name) values(17, '티비', 3, '룽');

insert into team(team_id, team_name) values(1, '티비');
insert into team(team_id, team_name) values(2, '티비');
insert into team(team_id, team_name) values(3, '티비');
insert into team(team_id, team_name) values(4, '티비');
insert into team(team_id, team_name) values(5, '티비');
insert into team(team_id, team_name) values(6, '티비');
insert into team(team_id, team_name) values(7, '티비');
insert into team(team_id, team_name) values(8, '티비');
insert into team(team_id, team_name) values(9, '티비');
insert into team(team_id, team_name) values(10, '티비');

insert into member(member_id, user_name, age, team_id) values(1, '티비', 10, 1);
insert into member(member_id, user_name, age, team_id) values(2, '티비', 11, 1);
insert into member(member_id, user_name, age, team_id) values(3, '티비', 12, 2);
insert into member(member_id, user_name, age, team_id) values(4, '티비', 15, 3);
insert into member(member_id, user_name, age, team_id) values(5, '티비', 17, 4);
insert into member(member_id, user_name, age, team_id) values(6, '티비', 10, 4);
insert into member(member_id, user_name, age, team_id) values(7, '티비', 5, 5);
insert into member(member_id, user_name, age, team_id) values(8, '티비', 20, 7);
insert into member(member_id, user_name, age, team_id) values(9, '티비', 13, 8);
insert into member(member_id, user_name, age, team_id) values(10, '티비', 7, 10);

insert into menu(id, name, list_order, parent_id) values(1, '1.메뉴', 1 , null);
insert into menu(id, name, list_order, parent_id) values(2, '2.메뉴', 2 , null);
insert into menu(id, name, list_order, parent_id) values(3, '3.메뉴', 3 , null);
insert into menu(id, name, list_order, parent_id) values(4, '1-1.메뉴', 1 , 1);
insert into menu(id, name, list_order, parent_id) values(5, '1-2.메뉴', 2 , 1);
insert into menu(id, name, list_order, parent_id) values(6, '2-1.메뉴', 1 , 2);
insert into menu(id, name, list_order, parent_id) values(7, '1-3.메뉴', 3 , 1);
insert into menu(id, name, list_order, parent_id) values(8, '1-4.메뉴', 4 , 1);
insert into menu(id, name, list_order, parent_id) values(9, '2-2.메뉴', 2 , 2);
insert into menu(id, name, list_order, parent_id) values(10, '2-3.메뉴', 3 , 2);
insert into menu(id, name, list_order, parent_id) values(11, '3-1.메뉴', 1 , 3);
insert into menu(id, name, list_order, parent_id) values(12, '3-2.메뉴', 2 , 3);
insert into menu(id, name, list_order, parent_id) values(13, '3-3.메뉴', 3 , 3);
insert into menu(id, name, list_order, parent_id) values(14, '1-5.메뉴', 5 , 1);

insert into post(post_id, post_name, content) values(1, '캉캉', '카카카카캉');
insert into post(post_id, post_name, content) values(2, '콩콩', '카카카카캉');
insert into post(post_id, post_name, content) values(3, '부부', '푸푸푸ㅜㅍ');
insert into post(post_id, post_name, content) values(4, '듀듀', 'asdzxcq');
insert into post(post_id, post_name, content) values(5, '다다', '카카카카캉');
insert into post(post_id, post_name, content) values(6, '라라', 'cxvhytjytj');
insert into post(post_id, post_name, content) values(7, '키키', '카카카카캉');
insert into post(post_id, post_name, content) values(8, '마마', 'bv,vmhj');
insert into post(post_id, post_name, content) values(9, '누누', '카카카카캉');
insert into post(post_id, post_name, content) values(10, '드드', 'jhjhjh');
insert into post(post_id, post_name, content) values(11, '그그', 'gjhgfjhj');

insert into people(people_id, people_name, post_id) values(1, '크크크', 1);
insert into people(people_id, people_name, post_id) values(2, '초초초', 2);
insert into people(people_id, people_name, post_id) values(3, '라라라', 3);
insert into people(people_id, people_name, post_id) values(4, '누누누', 4);
insert into people(people_id, people_name, post_id) values(5, '아아아', 5);
insert into people(people_id, people_name, post_id) values(6, '수수수', 6);
insert into people(people_id, people_name, post_id) values(7, '커커커', 7);
insert into people(people_id, people_name, post_id) values(8, '시시시', 8);
insert into people(people_id, people_name, post_id) values(9, '하허하', 9);
insert into people(people_id, people_name, post_id) values(10, '무무마', 10);
insert into people(people_id, people_name, post_id) values(11, '바바바', 11);
insert into people(people_id, people_name, post_id) values(12, '자자자', 2);
insert into people(people_id, people_name, post_id) values(13, '다다다', 3);
insert into people(people_id, people_name, post_id) values(14, '쵸쵸쵸', 3);
insert into people(people_id, people_name, post_id) values(15, '러러러', 1);
insert into people(people_id, people_name, post_id) values(16, '나누나', 8);
insert into people(people_id, people_name, post_id) values(17, '거구가', 7);
insert into people(people_id, people_name, post_id) values(18, '다디디', 5);
insert into people(people_id, people_name, post_id) values(19, '지주주', 5);
insert into people(people_id, people_name, post_id) values(20, '쿠마무', 3);
insert into people(people_id, people_name, post_id) values(21, '누차우', 6);